model,price,mileage,transmission
Used 2016 Ford Mustang Coupe,18782,19103,6-Speed Shiftable Automatic
Used 2016 Ford Mustang Coupe,18991,17351,Automatic
Used 2016 Ford Mustang Coupe,16853,33474,NA
Used 2016 Ford Mustang Coupe,18997,15938,NA
Used 2016 Ford Mustang Premium,18999,17144,Automatic
Used 2016 Ford Mustang Coupe,19332,18078,6-Speed Automatic
Used 2016 Ford Mustang GT,29977,22538,NA
Used 2016 Ford Mustang Coupe,19625,18809,6-Speed Shiftable Automatic
Used 2016 Ford Mustang Coupe,19873,16308,Automatic
Used 2016 Ford Mustang Coupe,19990,8862,Manual
Used 2016 Ford Mustang Coupe,20899,11247,Manual
Used 2016 Ford Mustang Coupe,20940,9911,6-Speed Manual
Used 2016 Ford Mustang Premium,20986,19353,Manual
Used 2016 Ford Mustang Coupe,21000,12057,6-Speed Shiftable Automatic
Used 2016 Ford Mustang Coupe,16797,30132,NA
Used 2016 Ford Mustang Coupe,21000,16586,6-Speed Shiftable Automatic
Used 2016 Ford Mustang Coupe,21375,19894,NA
Used 2016 Ford Mustang Premium,21499,9437,Automatic
Used 2016 Ford Mustang Coupe,21660,19583,Automatic
Used 2016 Ford Mustang Coupe,21701,14495,Automatic
Certified 2016 Ford Mustang Coupe,21737,13554,Automatic
Used 2016 Ford Mustang Coupe,21761,15890,NA
Certified 2016 Ford Mustang Coupe,21800,18676,6-Speed Shiftable Automatic
Used 2016 Ford Mustang Coupe,21888,19483,Automatic
Used 2016 Ford Mustang Coupe,21888,19620,6-Speed Shiftable Automatic
Certified 2016 Ford Mustang Coupe,21900,17750,6-Speed Shiftable Automatic
Certified 2016 Ford Mustang Coupe,21977,13199,6-Speed Shiftable Automatic
Used 2016 Ford Mustang Coupe,21994,11184,6-Speed Shiftable Automatic
Used 2016 Ford Mustang Convertible,21997,18635,6-Speed Shiftable Automatic
Used 2016 Ford Mustang Coupe,22000,18506,NA
Used 2016 Ford Mustang Coupe,16853,33474,NA
Used 2016 Ford Mustang Coupe,22363,19878,Manual
Used 2016 Ford Mustang Coupe,22448,18846,Automatic
Used 2016 Ford Mustang Coupe,22500,513,NA
Used 2016 Ford Mustang GT,29977,22538,NA
Used 2016 Ford Mustang Premium,22598,15549,6-Speed Shiftable Automatic
Certified 2016 Ford Mustang Coupe,22675,8043,Automatic
Used 2016 Ford Mustang Coupe,22685,15193,NA
Used 2016 Ford Mustang Coupe,22749,16333,NA
Certified 2016 Ford Mustang Coupe,22782,9668,Manual
Used 2016 Ford Mustang Convertible,22988,16659,Manual
Certified 2016 Ford Mustang Premium,22999,8801,6-Speed Manual
Used 2016 Ford Mustang Coupe,16797,30132,NA
Used 2016 Ford Mustang Coupe,23000,13139,6-Speed Manual
Used 2016 Ford Mustang Coupe,23490,3200,6-Speed Automatic
Certified 2016 Ford Mustang Premium,23841,18308,Automatic
Used 2016 Ford Mustang Coupe,23992,17065,Automatic
Used 2016 Ford Mustang Premium,23999,10190,6-Speed Shiftable Automatic
Certified 2016 Ford Mustang Coupe,24000,18805,6-Speed Shiftable Automatic
Certified 2016 Ford Mustang Convertible,25600,18203,Automatic
Certified 2016 Ford Mustang Coupe,25985,15194,Automatic
Used 2016 Ford Mustang GT Coupe,25993,19300,6-Speed Automatic
Used 2016 Ford Mustang GT,26499,15335,Manual
Certified 2016 Ford Mustang GT,26500,18732,6-Speed Manual
Used 2016 Ford Mustang GT,26904,15477,Automatic
Used 2016 Ford Mustang GT,26995,18536,6-Speed Manual
Used 2016 Ford Mustang GT Coupe,26999,15533,6-Speed Manual
Used 2016 Ford Mustang GT,27900,17664,6-Speed Shiftable Automatic
Used 2016 Ford Mustang Coupe,16853,33474,NA
Used 2016 Ford Mustang GT Coupe,27944,11839,Automatic
Certified 2016 Ford Mustang Premium,27995,8608,Automatic
Used 2016 Ford Mustang GT Premium,27999,13978,NA
Used 2016 Ford Mustang GT,29977,22538,NA
Used 2016 Ford Mustang GT,27999,13167,6-Speed Shiftable Automatic
Used 2016 Ford Mustang GT,28000,18196,Manual
Used 2016 Ford Mustang GT,28393,7127,Manual
Used 2016 Ford Mustang GT,28496,12631,Manual
Used 2016 Ford Mustang GT,28500,19629,6-Speed Manual
Used 2016 Ford Mustang GT,28591,9400,6-Speed Manual
Used 2016 Ford Mustang GT Premium,28950,15084,Automatic
Used 2016 Ford Mustang Coupe,16797,30132,NA
Certified 2016 Ford Mustang GT,28990,14853,6-Speed Manual
Used 2016 Ford Mustang GT,28990,18700,6-Speed Manual
Used 2016 Ford Mustang GT Premium,28999,13486,Manual
Used 2016 Ford Mustang GT,29000,17828,NA
Used 2016 Ford Mustang GT,29800,8579,6-Speed Manual
Used 2016 Ford Mustang GT Coupe,29944,17257,6-Speed Manual
Used 2016 Ford Mustang GT Coupe,29988,11797,NA
Used 2016 Ford Mustang GT,29991,15153,Manual
Used 2016 Ford Mustang GT Premium,29991,9721,Automatic
Used 2016 Ford Mustang GT,29995,4310,6-Speed Manual
Used 2016 Ford Mustang GT Coupe,30000,4995,NA
Used 2016 Ford Mustang GT Premium,30000,14177,6-Speed Manual
Used 2016 Ford Mustang GT,30139,14701,6-Speed Manual
Used 2016 Ford Mustang GT Premium,30301,12325,Manual
Used 2016 Ford Mustang GT,30499,17497,Automatic
Used 2016 Ford Mustang Coupe,16853,33474,NA
Used 2016 Ford Mustang GT Coupe,30756,9322,Automatic
Used 2016 Ford Mustang GT Premium,30900,19748,Automatic
Used 2016 Ford Mustang GT Premium,30930,12152,Automatic
Used 2016 Ford Mustang GT,29977,22538,NA
Used 2016 Ford Mustang GT,30988,8119,6-Speed Manual
Used 2016 Ford Mustang GT Coupe,30995,16353,Manual
Used 2016 Ford Mustang GT,30998,10665,6-Speed Manual
Used 2016 Ford Mustang GT Premium,31750,11530,Manual
Used 2016 Ford Mustang GT Premium,31940,13391,Automatic
Certified 2016 Ford Mustang GT Premium,31959,18325,Automatic
Used 2016 Ford Mustang GT Premium,31995,16192,Automatic
Used 2016 Ford Mustang Coupe,16797,30132,NA
Used 2016 Ford Mustang GT,31995,9944,Manual
Used 2016 Ford Mustang GT Premium,31998,256,6-Speed Manual
Used 2016 Ford Mustang GT Premium Convertible,31999,3110,Manual
Used 2016 Ford Mustang GT Premium,32000,13489,6-Speed Manual
Used 2016 Ford Mustang GT,32000,4106,NA
Used 2016 Ford Mustang GT,32090,16869,Manual
Used 2016 Ford Mustang GT Premium,32894,3098,NA
Used 2016 Ford Mustang GT Premium,32988,6788,Automatic
Used 2016 Ford Mustang GT Coupe,32990,13049,Automatic
Used 2016 Ford Mustang GT,33000,8986,NA
Certified 2016 Ford Mustang GT Premium,33550,16943,Automatic
Used 2016 Ford Mustang GT Coupe,34777,14671,6-Speed Automatic
Used 2016 Ford Mustang GT Premium,35000,14303,NA
Used 2016 Ford Mustang GT Premium,35051,9143,6-Speed Manual
Used 2016 Ford Mustang GT,35577,10697,Manual
Used 2016 Ford Mustang Coupe,16853,33474,NA
Used 2016 Ford Mustang GT Coupe,36995,1782,6-Speed Manual
Used 2016 Ford Mustang Shelby GT350 Coupe,45962,12242,6-Speed Manual
Used 2016 Ford Mustang Shelby GT350 Coupe,46444,11352,6-Speed Manual
Used 2016 Ford Mustang GT,29977,22538,NA
Used 2016 Ford Mustang Shelby GT350 Coupe,46994,4818,6-Speed Manual
Used 2016 Ford Mustang Shelby GT350 Coupe,47500,15344,6-Speed Manual
Used 2016 Ford Mustang Shelby GT350 Coupe,47999,4231,6-Speed Manual
Used 2016 Ford Mustang Shelby GT350 Coupe,48500,17283,6-Speed Manual
Used 2016 Ford Mustang Shelby GT350 Coupe,48500,3357,6-Speed Manual
Used 2016 Ford Mustang Shelby GT350 Coupe,48644,8099,6-Speed Manual
Used 2016 Ford Mustang Shelby GT350 Coupe,48900,7474,6-Speed Manual
Used 2016 Ford Mustang Coupe,16797,30132,NA
Used 2016 Ford Mustang GT Premium,48998,17407,6-Speed Manual
Used 2016 Ford Mustang Shelby GT350 Coupe,49200,10366,6-Speed Manual
Used 2016 Ford Mustang Shelby GT350 Coupe,49481,3618,6-Speed Manual
Used 2016 Ford Mustang Shelby GT350 Coupe,49497,8957,6-Speed Manual
Used 2016 Ford Mustang Shelby GT350 Coupe,49980,5318,6-Speed Manual
Used 2016 Ford Mustang Shelby GT350 Coupe,49995,5549,6-Speed Manual
Used 2016 Ford Mustang GT Coupe,49999,9300,Manual
Used 2016 Ford Mustang Shelby GT350 Coupe,51478,7845,6-Speed Manual
Used 2016 Ford Mustang Shelby GT350 Coupe,51499,10656,6-Speed Manual
Used 2016 Ford Mustang GT Premium,52400,1840,NA
Used 2016 Ford Mustang Shelby GT350 Coupe,52998,4402,6-Speed Manual
Used 2016 Ford Mustang GT Coupe,53881,699,6-Speed Manual
Used 2016 Ford Mustang Shelby GT350 Coupe,53980,1055,6-Speed Manual
Used 2016 Ford Mustang Shelby GT350 Coupe,54888,23,6-Speed Manual
Used 2016 Ford Mustang Shelby GT350 Coupe,55990,174,6-Speed Manual
Used 2016 Ford Mustang Coupe,16853,33474,NA
Used 2016 Ford Mustang Shelby GT350R,67800,2551,6-Speed Manual
Used 2016 Ford Mustang Coupe,16601,25870,Manual
Used 2016 Ford Mustang Coupe,17885,20013,6-Speed Shiftable Automatic
Used 2016 Ford Mustang GT,29977,22538,NA
Used 2016 Ford Mustang Coupe,17944,21221,NA
Used 2016 Ford Mustang Coupe,17995,27213,6-Speed Manual
Used 2016 Ford Mustang Coupe,18413,21171,Manual
Used 2016 Ford Mustang Coupe,18488,25674,6-Speed Manual
Certified 2016 Ford Mustang Coupe,18489,21710,6-Speed Shiftable Automatic
Used 2016 Ford Mustang Coupe,18525,27620,Automatic
Used 2016 Ford Mustang Coupe,18806,24523,Automatic
Used 2016 Ford Mustang Coupe,16797,30132,NA
Used 2016 Ford Mustang Coupe,18851,29271,6-Speed Automatic
Certified 2016 Ford Mustang Coupe,18877,20303,Automatic
Certified 2016 Ford Mustang Coupe,18995,26874,6-Speed Shiftable Automatic
Used 2016 Ford Mustang Coupe,19422,21708,Manual
Used 2016 Ford Mustang Coupe,19478,28850,Manual
Used 2016 Ford Mustang Coupe,19499,23319,NA
Used 2016 Ford Mustang Coupe,19650,26754,6-Speed Shiftable Automatic
Used 2016 Ford Mustang Coupe,19700,20447,Automatic
Used 2016 Ford Mustang Convertible,19793,28281,6-Speed Automatic
Used 2016 Ford Mustang Premium,19999,21392,Automatic
Used 2016 Ford Mustang Coupe,20000,22198,NA
Used 2016 Ford Mustang Coupe,20300,27740,NA
Used 2016 Ford Mustang Coupe,20371,22475,6-Speed Automatic
Used 2016 Ford Mustang Convertible,20488,24164,Automatic
Used 2016 Ford Mustang Coupe,20524,28685,Manual
Used 2016 Ford Mustang Coupe,16853,33474,NA
Used 2016 Ford Mustang Premium,20644,26722,6-Speed Shiftable Automatic
Used 2016 Ford Mustang Coupe,20745,22285,6-Speed Shiftable Automatic
Certified 2016 Ford Mustang Coupe,20800,29652,6-Speed Shiftable Automatic
Used 2016 Ford Mustang GT,29977,22538,NA
Used 2016 Ford Mustang Coupe,20900,21447,NA
Used 2016 Ford Mustang Coupe,20997,26965,Automatic
Certified 2016 Ford Mustang Premium,21000,28159,6-Speed Shiftable Automatic
Used 2016 Ford Mustang Premium,21055,25700,6-Speed Manual
Used 2016 Ford Mustang Coupe,21174,20027,6-Speed Manual
Used 2016 Ford Mustang Premium,21390,25989,6-Speed Manual
Used 2016 Ford Mustang Coupe,21430,21151,6-Speed Automatic
Used 2016 Ford Mustang Coupe,16797,30132,NA
Used 2016 Ford Mustang Premium,21500,24589,6-Speed Shiftable Automatic
Used 2016 Ford Mustang Premium,21549,23729,Automatic
Used 2016 Ford Mustang Coupe,21700,24350,6-Speed Shiftable Automatic
Used 2016 Ford Mustang Coupe,21700,21716,NA
Used 2016 Ford Mustang Coupe,21791,22673,Automatic
Certified 2016 Ford Mustang Premium,21800,26949,6-Speed Shiftable Automatic
Certified 2016 Ford Mustang Premium,21975,24248,Automatic
Used 2016 Ford Mustang Premium,21990,20572,6-Speed Shiftable Automatic
Used 2016 Ford Mustang Coupe,21995,25822,6-Speed Manual
Used 2016 Ford Mustang Premium,22000,23048,NA
Used 2016 Ford Mustang Premium,22374,23729,Manual
Used 2016 Ford Mustang Premium Coupe,22469,26203,NA
Used 2016 Ford Mustang Coupe,22477,27206,Automatic
Used 2016 Ford Mustang Premium,22690,23128,6-Speed Manual
Used 2016 Ford Mustang Premium,22700,24626,6-Speed Shiftable Automatic
Used 2016 Ford Mustang Coupe,16853,33474,NA
Certified 2016 Ford Mustang Premium,22765,20781,Automatic
Used 2016 Ford Mustang Coupe,22991,22930,Automatic
Used 2016 Ford Mustang Coupe,22995,20226,NA
Used 2016 Ford Mustang GT,29977,22538,NA
Used 2016 Ford Mustang Premium,22995,25953,Manual
Used 2016 Ford Mustang Premium,22999,24680,NA
Certified 2016 Ford Mustang Premium,23000,20052,6-Speed Shiftable Automatic
Used 2016 Ford Mustang Premium,23200,20084,6-Speed Shiftable Automatic
Used 2016 Ford Mustang Premium,23200,23180,6-Speed Shiftable Automatic
Used 2016 Ford Mustang Coupe,23458,22604,6-Speed Shiftable Automatic
Certified 2016 Ford Mustang Premium,23841,20756,Automatic
Used 2016 Ford Mustang Coupe,16797,30132,NA
Used 2016 Ford Mustang Coupe,23995,23695,NA
Used 2016 Ford Mustang Premium,23995,21473,NA
Certified 2016 Ford Mustang Premium,23995,25742,Automatic
Used 2016 Ford Mustang Premium,24285,23281,6-Speed Shiftable Automatic
Used 2016 Ford Mustang GT,24397,26712,Automatic
Used 2016 Ford Mustang GT Premium,24993,27651,6-Speed Automatic
Used 2016 Ford Mustang GT,25906,29308,Manual
Used 2016 Ford Mustang GT,26000,26214,6-Speed Manual
Used 2016 Ford Mustang GT,26477,29511,6-Speed Manual
Used 2016 Ford Mustang GT,26991,22875,NA
Certified 2016 Ford Mustang Premium,26998,26278,NA
Used 2016 Ford Mustang GT,26999,20746,6-Speed Manual
Used 2016 Ford Mustang GT,27200,26531,6-Speed Manual
Used 2016 Ford Mustang GT,27292,24336,NA
Used 2016 Ford Mustang GT,27634,22785,Manual
Used 2016 Ford Mustang Coupe,16853,33474,NA
Used 2016 Ford Mustang GT Premium,27690,26179,Automatic
Used 2016 Ford Mustang GT Coupe,28200,24197,NA
Used 2016 Ford Mustang GT,28500,22224,Manual
Used 2016 Ford Mustang GT,29977,22538,NA
Used 2016 Ford Mustang GT,28623,22051,6-Speed Manual
Used 2016 Ford Mustang GT,28700,26389,6-Speed Shiftable Automatic
Used 2016 Ford Mustang GT Premium,28892,28145,6-Speed Shiftable Automatic
Used 2016 Ford Mustang GT Premium,28990,28556,Automatic
Used 2016 Ford Mustang GT,29000,26251,6-Speed Shiftable Automatic
Used 2016 Ford Mustang GT Premium,29285,24965,Automatic
Used 2016 Ford Mustang GT,29540,23582,6-Speed Manual
Used 2016 Ford Mustang Coupe,16797,30132,NA
Used 2016 Ford Mustang GT Premium,29839,23824,6-Speed Manual
Certified 2016 Ford Mustang GT Premium,29972,29584,Manual
Used 2016 Ford Mustang GT Premium,29981,29446,Automatic
Used 2016 Ford Mustang GT Premium,29998,24773,Manual
Used 2016 Ford Mustang GT Premium,29999,22307,Automatic
Used 2016 Ford Mustang GT Premium,30495,24015,6-Speed Shiftable Automatic
Used 2016 Ford Mustang GT Premium,30515,27106,Manual
Certified 2016 Ford Mustang GT Coupe,30991,21520,NA
Used 2016 Ford Mustang GT,31210,22239,6-Speed Shiftable Automatic
Used 2016 Ford Mustang GT,32000,25546,6-Speed Shiftable Automatic
Used 2016 Ford Mustang GT Convertible,32583,23071,NA
Used 2016 Ford Mustang GT,32995,24422,Automatic
Used 2016 Ford Mustang GT Coupe,32997,22504,6-Speed Automatic
Used 2016 Ford Mustang GT Premium Convertible,43995,26679,6-Speed Shiftable Automatic
Used 2016 Ford Mustang GT Premium,48000,21909,Manual
Used 2016 Ford Mustang Coupe,16853,33474,NA
Used 2016 Ford Mustang Shelby GT350 Coupe,48300,21778,6-Speed Manual
Used 2016 Ford Mustang Coupe,16990,49485,6-Speed Shiftable Automatic
Used 2016 Ford Mustang Convertible,16999,31341,Automatic
Used 2016 Ford Mustang GT,29977,22538,NA
Used 2016 Ford Mustang Coupe,17495,38519,Automatic
Used 2016 Ford Mustang Coupe,17500,42747,6-Speed Shiftable Automatic
Used 2016 Ford Mustang Convertible,17500,45242,6-Speed Shiftable Automatic
Used 2016 Ford Mustang Convertible,17500,42089,6-Speed Manual
Used 2016 Ford Mustang Coupe,17515,35444,6-Speed Shiftable Automatic
Used 2016 Ford Mustang Coupe,17788,46440,6-Speed Manual
Used 2016 Ford Mustang Premium,17800,36662,6-Speed Shiftable Automatic
Used 2016 Ford Mustang Coupe,16797,30132,NA
Used 2016 Ford Mustang Premium,17882,67841,6-Speed Shiftable Automatic
Used 2016 Ford Mustang Coupe,17888,37362,Automatic
Used 2016 Ford Mustang Coupe,17926,34720,6-Speed Shiftable Automatic
Used 2016 Ford Mustang Coupe,17990,46731,6-Speed Shiftable Automatic
Used 2016 Ford Mustang Convertible,17991,44541,6-Speed Shiftable Automatic
Used 2016 Ford Mustang Coupe,17991,48022,6-Speed Manual
Used 2016 Ford Mustang Coupe,17994,51055,Manual
Used 2016 Ford Mustang Convertible,17999,45418,6-Speed Shiftable Automatic
Used 2016 Ford Mustang Coupe,17999,34852,NA
Used 2016 Ford Mustang Convertible,18000,39236,NA
Used 2016 Ford Mustang Coupe,18000,31091,NA
Used 2016 Ford Mustang Coupe,18000,30933,NA
Used 2016 Ford Mustang Convertible,18300,41327,6-Speed Shiftable Automatic
